Time,Position,Target_Position,Velocity,Reference_Velocity,Acceleration,Input_Acceleration,Jerk,Fuel_Consumption,Controller,Lane_ID
0.000000,2.500000,,25.000000,25.000000,0.000000,0.000000,0.000000,0.223992,IDM,Mainline
0.100000,5.000000,,25.000000,25.000000,0.000000,0.000000,0.000000,0.447984,IDM,Mainline
0.200000,7.500000,,25.000000,25.000000,0.000000,0.000000,0.000000,0.671976,IDM,