Time,Position,Reference Position,Velocity,Reference Velocity,Acceleration,Input Acceleration,Jerk,Controller,Lane ID
0.000000,266.212990,,20.000000,20.000000,0.000000,0.000000,0.000000,,Mainline
0.100000,268.212990,,20.000000,20.000000,0.000000,0.000000,0.000000,,Mainline
0.200000,270.212990,,20.000000,20.000000,0.000000,0.000000,0.000000,,Mainline
0.300000,272.212990,,20.000000,20.000000,0.000000,0.000000,0.000000,,Mainline
0.400000,274.212990,,20.000000,20.000000,0.000000,0.000000,0.000000,,Mainline
0.500000,276.212990,,20.000000,20.000000,0.000000,0.000000,0.000000,,Mainline
0.600000,278.212990,,20.000000,20.000000,0.000000,0.000000,0.000000,,Mainline
0.700000,280.212990,,20.000000,20.000000,0.000000,0.000000,0.000000,,Mainline
0.800000,282.212990,,20.000000,20.000000,0.000000,0.000000,0.000000,,Mainline
