Time,Position,Reference_Position,Velocity,Reference_Velocity,Acceleration,Input_Acceleration,Jerk,Fuel_Consumption,Controller,Lane_ID
0.000000,200.283165,,24.955233,25.000000,-0.447671,-0.447671,-4.476713,0.066600,IDM,Mainline
0.100000,202.776545,,24.912367,25.000000,-0.428662,-0.428662,0.190088,0.133200,IDM,Mainline
0.200000,205.265729,,24.871312,25.000000,-0.410549,-0.410549,0.181136,0.199800,IDM,Mainline
0.300000,207.750894,,24.831984,25.000000,-0.393280,-0.393280,0.172693,0.266400,IDM,Mainline
0.400000,210.232208,,24.794303,25.000000,-0.376807,-0.376807,0.164723,0.333000,IDM,Mainline
0.500000,212.709833,,24.758194,25.000000,-0.361088,-0.361088,0.157192,0.399600,IDM,Mainline
0.600000,215.183922,,24.723586,25.000000,-0.346081,-0.346081,0.150071,0.466200,IDM,Mainline
0.700000,217.654622,,24.690411,25.000000,-0.331748,-0.331748,0.143332,0.532800,IDM,Mainline
