Time,Position,Reference_Position,Velocity,Reference_Velocity,Acceleration,Input_Acceleration,Jerk,Fuel_Consumption,Controller,Lane_ID
0.000000,-812.496795,,24.976595,25.000000,-0.234046,-0.234046,-2.340462,0.066600,IDM,Mainline
0.100000,-810.000265,,24.954009,25.000000,-0.225859,-0.225859,0.081874,0.133200,IDM,Mainline
0.200000,-807.505954,,24.932211,25.000000,-0.217985,-0.217985,0.078735,0.199800,IDM,Mainline
0.300000,-805.013785,,24.911170,25.000000,-0.210412,-0.210412,0.075733,0.266400,IDM,Mainline
0.400000,-802.523684,,24.890857,25.000000,-0.203126,-0.203126,0.072863,0.333000,IDM,Mainline
0.500000,-800.035579,,24.871246,25.000000,-0.196114,-0.196114,0.070116,0.399600,IDM,Mainline
0.600000,-797.549401,,24.852309,25.000000,-0.189366,-0.189366,0.067486,0.466200,IDM,Mainline
0.700000,-795.065084,,24.834022,25.000000,-0.182869,-0.182869,0.064968,0.532800,IDM,Mainline
