Time,Position,Reference_Position,Velocity,Reference_Velocity,Acceleration,Input_Acceleration,Jerk,Fuel_Consumption,Controller,Lane_ID
0.000000,-961.257360,,24.985899,25.000000,-0.141009,-0.141009,-1.410087,0.066600,IDM,Mainline
0.100000,-958.759454,,24.972223,25.000000,-0.136765,-0.136765,0.042435,0.133200,IDM,Mainline
0.200000,-956.262895,,24.958957,25.000000,-0.132653,-0.132653,0.041121,0.199800,IDM,Mainline
0.300000,-953.767643,,24.946091,25.000000,-0.128668,-0.128668,0.039849,0.266400,IDM,Mainline
0.400000,-951.273658,,24.933610,25.000000,-0.124806,-0.124806,0.038618,0.333000,IDM,Mainline
0.500000,-948.780902,,24.921504,25.000000,-0.121064,-0.121064,0.037427,0.399600,IDM,Mainline
0.600000,-946.289339,,24.909760,25.000000,-0.117436,-0.117436,0.036273,0.466200,IDM,Mainline
0.700000,-943.798932,,24.898368,25.000000,-0.113921,-0.113921,0.035157,0.532800,IDM,Mainline
