Time,Position,Reference_Position,Velocity,Reference_Velocity,Acceleration,Input_Acceleration,Jerk,Fuel_Consumption,Controller,Lane_ID
0.000000,-256.518404,,24.973172,25.000000,-0.268278,-0.268278,-2.682776,0.066600,IDM,Mainline
0.100000,-254.035562,,24.683673,25.000000,-2.894989,-2.894989,-26.267115,0.133200,IDM,Mainline
0.200000,-251.580397,,24.419612,25.000000,-2.640615,-2.640615,2.543738,0.199800,IDM,Mainline
0.300000,-249.150523,,24.177872,25.000000,-2.417395,-2.417395,2.232208,0.266400,IDM,Mainline
0.400000,-246.743837,,23.955848,25.000000,-2.220247,-2.220247,1.971479,0.333000,IDM,Mainline
0.500000,-244.358478,,23.751335,25.000000,-2.045125,-2.045125,1.751212,0.399600,IDM,Mainline
0.600000,-241.992788,,23.562458,25.000000,-1.888770,-1.888770,1.563559,0.466200,IDM,Mainline
0.700000,-239.645285,,23.387606,25.000000,-1.748522,-1.748522,1.402475,0.532800,IDM,Mainline
