Time,Position,Reference_Position,Velocity,Reference_Velocity,Acceleration,Input_Acceleration,Jerk,Fuel_Consumption,Controller,Lane_ID
0.000000,-697.028692,,24.980543,25.000000,-0.194569,-0.194569,-1.945690,0.066600,IDM,Mainline
0.100000,-694.531581,,24.961663,25.000000,-0.188797,-0.188797,0.057724,0.133200,IDM,Mainline
0.200000,-692.036331,,24.943343,25.000000,-0.183204,-0.183204,0.055923,0.199800,IDM,Mainline
0.300000,-689.542886,,24.925564,25.000000,-0.177786,-0.177786,0.054183,0.266400,IDM,Mainline
0.400000,-687.051192,,24.908311,25.000000,-0.172536,-0.172536,0.052501,0.333000,IDM,Mainline
0.500000,-684.561198,,24.891566,25.000000,-0.167448,-0.167448,0.050876,0.399600,IDM,Mainline
0.600000,-682.072854,,24.875314,25.000000,-0.162518,-0.162518,0.049304,0.466200,IDM,Mainline
0.700000,-679.586111,,24.859540,25.000000,-0.157740,-0.157740,0.047784,0.532800,IDM,Mainline
