Time,Position,Reference_Position,Velocity,Reference_Velocity,Acceleration,Input_Acceleration,Jerk,Fuel_Consumption,Controller,Lane_ID
0.000000,-1169.158920,,24.983283,25.000000,-0.167168,-0.167168,-1.671684,0.066600,IDM,Mainline
0.100000,-1166.661412,,24.966884,25.000000,-0.163988,-0.163988,0.031802,0.133200,IDM,Mainline
0.200000,-1164.165527,,24.950805,25.000000,-0.160794,-0.160794,0.031944,0.199800,IDM,Mainline
0.300000,-1161.671235,,24.935046,25.000000,-0.157593,-0.157593,0.032012,0.266400,IDM,Mainline
0.400000,-1159.178502,,24.919607,25.000000,-0.154391,-0.154391,0.032012,0.333000,IDM,Mainline
0.500000,-1156.687298,,24.904487,25.000000,-0.151196,-0.151196,0.031951,0.399600,IDM,Mainline
0.600000,-1154.197589,,24.889686,25.000000,-0.148013,-0.148013,0.031834,0.466200,IDM,Mainline
0.700000,-1151.709345,,24.875201,25.000000,-0.144846,-0.144846,0.031667,0.532800,IDM,Mainline
