Time,Position,Reference_Position,Velocity,Reference_Velocity,Acceleration,Input_Acceleration,Jerk,Fuel_Consumption,Controller,Lane_ID
0.000000,-148.668248,,24.977612,25.000000,-0.223884,-0.223884,-2.238841,0.066600,IDM,Mainline
0.100000,-146.171566,,24.956030,25.000000,-0.215812,-0.215812,0.080724,0.133200,IDM,Mainline
0.200000,-143.677004,,24.935224,25.000000,-0.208061,-0.208061,0.077510,0.199800,IDM,Mainline
0.300000,-141.184484,,24.915163,25.000000,-0.200616,-0.200616,0.074443,0.266400,IDM,Mainline
0.400000,-138.693935,,24.895816,25.000000,-0.193465,-0.193465,0.071515,0.333000,IDM,Mainline
0.500000,-136.205287,,24.877157,25.000000,-0.186593,-0.186593,0.068717,0.399600,IDM,Mainline
0.600000,-133.718471,,24.859158,25.000000,-0.179989,-0.179989,0.066044,0.466200,IDM,Mainline
0.700000,-131.233423,,24.841794,25.000000,-0.173640,-0.173640,0.063489,0.532800,IDM,Mainline
