Time,Position,Reference_Position,Velocity,Reference_Velocity,Acceleration,Input_Acceleration,Jerk,Fuel_Consumption,Controller,Lane_ID
0.000000,-570.388013,,24.968646,25.000000,-0.313540,-0.313540,-3.135399,0.066600,IDM,Mainline
0.100000,-567.892663,,24.938353,25.000000,-0.302929,-0.302929,0.106112,0.133200,IDM,Mainline
0.200000,-565.400291,,24.909083,25.000000,-0.292701,-0.292701,0.102273,0.199800,IDM,Mainline
0.300000,-562.910797,,24.880799,25.000000,-0.282842,-0.282842,0.098590,0.266400,IDM,Mainline
0.400000,-560.424084,,24.853465,25.000000,-0.273339,-0.273339,0.095036,0.333000,IDM,Mainline
0.500000,-557.940058,,24.827047,25.000000,-0.264178,-0.264178,0.091607,0.399600,IDM,Mainline
0.600000,-555.458630,,24.801512,25.000000,-0.255348,-0.255348,0.088301,0.466200,IDM,Mainline
0.700000,-552.979713,,24.776829,25.000000,-0.246837,-0.246837,0.085112,0.532800,IDM,Mainline
