Time,Position,Reference_Position,Velocity,Reference_Velocity,Acceleration,Input_Acceleration,Jerk,Fuel_Consumption,Controller,Lane_ID
0.000000,402.500000,,25.000000,25.000000,0.000000,0.000000,0.000000,0.066600,IDM,Mainline
0.100000,405.000000,,25.000000,25.000000,0.000000,0.000000,0.000000,0.133200,IDM,Mainline
0.200000,407.500000,,25.000000,25.000000,0.000000,0.000000,0.000000,0.199800,IDM,Mainline
0.300000,410.000000,,25.000000,25.000000,0.000000,0.000000,0.000000,0.266400,IDM,Mainline
0.400000,412.500000,,25.000000,25.000000,0.000000,0.000000,0.000000,0.333000,IDM,Mainline
0.500000,415.000000,,25.000000,25.000000,0.000000,0.000000,0.000000,0.399600,IDM,Mainline
0.600000,417.500000,,25.000000,25.000000,0.000000,0.000000,0.000000,0.466200,IDM,Mainline
0.700000,420.000000,,25.000000,25.000000,0.000000,0.000000,0.000000,0.532800,IDM,Mainline
