Time,Position,Reference_Position,Velocity,Reference_Velocity,Acceleration,Input_Acceleration,Jerk,Fuel_Consumption,Controller,Lane_ID
0.000000,283.773917,,24.977862,25.000000,-0.221381,-0.221381,-2.213808,0.066600,IDM,Mainline
0.100000,286.270642,,24.956623,25.000000,-0.212384,-0.212384,0.089965,0.133200,IDM,Mainline
0.200000,288.765285,,24.936246,25.000000,-0.203773,-0.203773,0.086109,0.199800,IDM,Mainline
0.300000,291.257932,,24.916693,25.000000,-0.195530,-0.195530,0.082439,0.266400,IDM,Mainline
0.400000,293.748663,,24.897930,25.000000,-0.187635,-0.187635,0.078944,0.333000,IDM,Mainline
0.500000,296.237556,,24.879922,25.000000,-0.180074,-0.180074,0.075614,0.399600,IDM,Mainline
0.600000,298.724684,,24.862639,25.000000,-0.172830,-0.172830,0.072441,0.466200,IDM,Mainline
0.700000,301.210118,,24.846050,25.000000,-0.165888,-0.165888,0.069415,0.532800,IDM,Mainline
