Time,Position,Reference_Position,Velocity,Reference_Velocity,Acceleration,Input_Acceleration,Jerk,Fuel_Consumption,Controller,Lane_ID
0.000000,-1032.534628,,24.938574,25.000000,-0.614258,-0.614258,-6.142582,0.066600,IDM,Mainline
0.100000,-1030.043684,,24.880309,25.000000,-0.582651,-0.582651,0.316073,0.133200,IDM,Mainline
0.200000,-1027.558418,,24.825016,25.000000,-0.552934,-0.552934,0.297172,0.199800,IDM,Mainline
0.300000,-1025.078541,,24.772519,25.000000,-0.524966,-0.524966,0.279678,0.266400,IDM,Mainline
0.400000,-1022.603782,,24.722657,25.000000,-0.498620,-0.498620,0.263462,0.333000,IDM,Mainline
0.500000,-1020.133886,,24.675279,25.000000,-0.473779,-0.473779,0.248406,0.399600,IDM,Mainline
0.600000,-1017.668609,,24.630245,25.000000,-0.450338,-0.450338,0.234408,0.466200,IDM,Mainline
0.700000,-1015.207726,,24.587425,25.000000,-0.428201,-0.428201,0.221376,0.532800,IDM,Mainline
