Time,Position,Reference_Position,Velocity,Reference_Velocity,Acceleration,Input_Acceleration,Jerk,Fuel_Consumption,Controller,Lane_ID
0.000000,-470.625957,,24.967141,25.000000,-0.328587,-0.328587,-3.285865,0.066600,IDM,Mainline
0.100000,-468.130824,,24.935517,25.000000,-0.316241,-0.316241,0.123458,0.133200,IDM,Mainline
0.200000,-465.638794,,24.905076,25.000000,-0.304411,-0.304411,0.118299,0.199800,IDM,Mainline
0.300000,-463.149753,,24.875749,25.000000,-0.293273,-0.293273,0.111380,0.266400,IDM,Mainline
0.400000,-460.663592,,24.847472,25.000000,-0.282774,-0.282774,0.104987,0.333000,IDM,Mainline
0.500000,-458.180209,,24.820185,25.000000,-0.272866,-0.272866,0.099077,0.399600,IDM,Mainline
0.600000,-455.699508,,24.793834,25.000000,-0.263505,-0.263505,0.093608,0.466200,IDM,Mainline
0.700000,-453.221398,,24.768369,25.000000,-0.254651,-0.254651,0.088542,0.532800,IDM,Mainline
