Time,Position,Reference_Position,Velocity,Reference_Velocity,Acceleration,Input_Acceleration,Jerk,Fuel_Consumption,Controller,Lane_ID
0.000000,-30.608491,,24.985191,25.000000,-0.148087,-0.148087,-1.480868,0.066600,IDM,Mainline
0.100000,-28.110694,,24.970743,25.000000,-0.144486,-0.144486,0.036012,0.133200,IDM,Mainline
0.200000,-25.614325,,24.956646,25.000000,-0.140968,-0.140968,0.035174,0.199800,IDM,Mainline
0.300000,-23.119348,,24.942893,25.000000,-0.137533,-0.137533,0.034353,0.266400,IDM,Mainline
0.400000,-20.625730,,24.929475,25.000000,-0.134178,-0.134178,0.033550,0.333000,IDM,Mainline
0.500000,-18.133437,,24.916385,25.000000,-0.130901,-0.130901,0.032764,0.399600,IDM,Mainline
0.600000,-15.642437,,24.903614,25.000000,-0.127702,-0.127702,0.031995,0.466200,IDM,Mainline
0.700000,-13.152698,,24.891157,25.000000,-0.124578,-0.124578,0.031243,0.532800,IDM,Mainline
