Time,Position,Reference_Position,Velocity,Reference_Velocity,Acceleration,Input_Acceleration,Jerk,Fuel_Consumption,Controller,Lane_ID
0.000000,-1310.661556,,24.984415,25.000000,-0.155846,-0.155846,-1.558457,0.066600,IDM,Mainline
0.100000,-1308.163868,,24.969342,25.000000,-0.150735,-0.150735,0.051109,0.133200,IDM,Mainline
0.200000,-1305.667663,,24.954761,25.000000,-0.145812,-0.145812,0.049228,0.199800,IDM,Mainline
0.300000,-1303.172892,,24.940654,25.000000,-0.141069,-0.141069,0.047429,0.266400,IDM,Mainline
0.400000,-1300.679509,,24.927004,25.000000,-0.136498,-0.136498,0.045706,0.333000,IDM,Mainline
0.500000,-1298.187469,,24.913795,25.000000,-0.132093,-0.132093,0.044056,0.399600,IDM,Mainline
0.600000,-1295.696729,,24.901010,25.000000,-0.127845,-0.127845,0.042474,0.466200,IDM,Mainline
0.700000,-1293.207247,,24.888635,25.000000,-0.123750,-0.123750,0.040959,0.532800,IDM,Mainline
