Time,Position,Reference_Position,Velocity,Reference_Velocity,Acceleration,Input_Acceleration,Jerk,Fuel_Consumption,Controller,Lane_ID
0.000000,-198.000000,,20.000000,25.000000,0.000000,0.000000,0.000000,0.066600,MPC,Mainline
0.100000,-196.000000,,20.000000,25.000000,0.000000,0.000000,0.000000,0.133200,MPC,Mainline
0.200000,-194.000000,,20.000000,25.000000,0.000000,0.000000,0.000000,0.199800,MPC,Mainline
0.300000,-192.000000,,20.000000,25.000000,0.000000,0.000000,0.000000,0.266400,MPC,Mainline
0.400000,-190.000000,,20.000000,25.000000,0.000000,0.000000,0.000000,0.333000,MPC,Mainline
0.500000,-188.000000,,20.000000,25.000000,0.000000,0.000000,0.000000,0.399600,MPC,Mainline
0.600000,-186.000000,,20.000000,25.000000,0.000000,0.000000,0.000000,0.466200,MPC,Mainline
0.700000,-184.000000,,20.000000,25.000000,0.000000,0.000000,0.000000,0.532800,MPC,Mainline
